{
  "4.注销接口" : {
    "transaction" : "4.注销接口",
    "sampleCount" : 50,
    "errorCount" : 0,
    "errorPct" : 0.0,
    "meanResTime" : 3.28,
    "minResTime" : 2.0,
    "maxResTime" : 12.0,
    "pct1ResTime" : 5.899999999999999,
    "pct2ResTime" : 6.449999999999996,
    "pct3ResTime" : 12.0,
    "throughput" : 2.231943576466387,
    "receivedKBytesPerSec" : 0.4250283177841264,
    "sentKBytesPerSec" : 0.5885007477010981
  },
  "Total" : {
    "transaction" : "Total",
    "sampleCount" : 199,
    "errorCount" : 0,
    "errorPct" : 0.0,
    "meanResTime" : 607.4723618090444,
    "minResTime" : 2.0,
    "maxResTime" : 2417.0,
    "pct1ResTime" : 2408.0,
    "pct2ResTime" : 2409.0,
    "pct3ResTime" : 2416.0,
    "throughput" : 8.019019987105095,
    "receivedKBytesPerSec" : 5.769730844011928,
    "sentKBytesPerSec" : 3.2735070745688266
  },
  "1.登陆接口" : {
    "transaction" : "1.登陆接口",
    "sampleCount" : 49,
    "errorCount" : 0,
    "errorPct" : 0.0,
    "meanResTime" : 3.408163265306122,
    "minResTime" : 2.0,
    "maxResTime" : 10.0,
    "pct1ResTime" : 6.0,
    "pct2ResTime" : 7.5,
    "pct3ResTime" : 10.0,
    "throughput" : 2.189454870420018,
    "receivedKBytesPerSec" : 0.6029553451742627,
    "sentKBytesPerSec" : 0.7804209254915103
  },
  "Transaction Controller" : {
    "transaction" : "Transaction Controller",
    "sampleCount" : 50,
    "errorCount" : 0,
    "errorPct" : 0.0,
    "meanResTime" : 2418.8,
    "minResTime" : 2414.0,
    "maxResTime" : 2470.0,
    "pct1ResTime" : 2425.7,
    "pct2ResTime" : 2431.45,
    "pct3ResTime" : 2470.0,
    "throughput" : 2.000640204865557,
    "receivedKBytesPerSec" : 5.740118087788092,
    "sentKBytesPerSec" : 3.2647165843069783
  },
  "2.浏览菜单接口" : {
    "transaction" : "2.浏览菜单接口",
    "sampleCount" : 50,
    "errorCount" : 0,
    "errorPct" : 0.0,
    "meanResTime" : 3.2800000000000007,
    "minResTime" : 2.0,
    "maxResTime" : 8.0,
    "pct1ResTime" : 5.899999999999999,
    "pct2ResTime" : 6.449999999999996,
    "pct3ResTime" : 8.0,
    "throughput" : 2.231843949471053,
    "receivedKBytesPerSec" : 4.906133525643887,
    "sentKBytesPerSec" : 0.5361656362987101
  },
  "3.下单接口" : {
    "transaction" : "3.下单接口",
    "sampleCount" : 50,
    "errorCount" : 0,
    "errorPct" : 0.0,
    "meanResTime" : 2407.8399999999997,
    "minResTime" : 2405.0,
    "maxResTime" : 2417.0,
    "pct1ResTime" : 2410.0,
    "pct2ResTime" : 2412.7,
    "pct3ResTime" : 2417.0,
    "throughput" : 2.015478877781361,
    "receivedKBytesPerSec" : 0.41333062923250563,
    "sentKBytesPerSec" : 1.5549104623508545
  }
}